,AAA,AA,A,BBB,BB,B,C/CCC,D
AAA,90.05365249690465,0.4673867885334441,0.020844189682126108,0.0,0.011016855789357717,0.0,0.0,0.0
AA,9.20346677672307,91.13003739094307,1.5424700364773318,0.07423904974016335,0.022033711578715434,0.022833656810138145,0.0,0.0
A,0.5262071811803549,7.789779808890736,93.19437206878582,3.2347014529642593,0.11016855789357717,0.06850097043041443,0.08238201718253502,0.0
BBB,0.0309533635988444,0.4570004154549231,4.835852006253257,92.6185173401209,4.891483970474826,0.159835597670967,0.15299517476756502,0.0
BB,0.10317787866281469,0.0519318653926049,0.23970818134445024,3.404390709513204,86.91197532224302,5.1033222970658745,0.47075438390020014,0.0
B,0.0309533635988444,0.062318238471125886,0.10422094841063055,0.42422314137236194,6.885534868348572,85.83171594930928,15.511356949511592,0.0
C/CCC,0.051588939331407346,0.02077274615704196,0.010422094841063054,0.09545020680878143,0.5508427894678858,5.468660806028085,53.04225020595504,0.0
D,0.0,0.02077274615704196,0.052110474205315276,0.1484780994803267,0.6169439242040321,3.3451307226852385,30.740261268683067,100.0
